{"cameraMode":{"drawMode":0,"name":"Shaded","section":"Shading Mode"},"sceneLighting":true,"audioPlay":false,"sceneViewState":{"m_AlwaysRefresh":false,"showFog":true,"showSkybox":true,"showFlares":true,"showImageEffects":true,"showParticleSystems":true,"showVisualEffectGraphs":true,"m_FxEnabled":true},"in2DMode":false,"pivot":{"x":524.7482299804688,"y":180.32904052734376,"z":-8.45819091796875},"rotation":{"x":-0.0928645059466362,"y":0.009579100646078587,"z":-0.0008958328980952501,"w":-0.9956627488136292},"size":318.2253723144531,"orthographic":true}